condition,policy,episodes,accuracy,macro_f1,reward_mean,reward_ci_lower,reward_ci_upper,information_gain_mean,turns_mean,skills_covered_mean
base,aria_iql_v7,45,1.0,1.0,32.15573968685972,31.37085947190068,32.859816035464355,17.882344976424992,19.377777777777776,17.0
base,behavior_cloning,45,1.0,1.0,25.903589037954873,25.158312347698693,26.521982622707537,14.02461491419214,13.777777777777779,13.777777777777779
base,decision_transformer,45,1.0,1.0,7.222386597002685,6.915341970217473,7.534275973572365,5.129739212816605,13.0,5.0
base,discrete_cql,45,1.0,1.0,27.54180409724908,26.379615535321726,28.69983126302996,16.716017546314202,30.0,15.977777777777778
base,fixed_script,45,1.0,1.0,10.498311199027441,10.158885933392048,10.804887251469903,6.261837095647928,10.0,6.0
base,random_valid,45,1.0,1.0,9.876467220911048,8.654436257748744,11.097738732631486,7.319126295422181,20.955555555555556,6.888888888888889
base,rule_based_adaptive,45,0.3333333333333333,0.3333333333333333,-4.192469750238509,-5.2389156774174825,-3.082207603573233,2.3146497961372914,30.0,2.3333333333333335
base,uncertainty_greedy,45,1.0,1.0,-2.3930487519479198,-2.7209459676549494,-2.0828225618661618,3.115745276479164,30.0,3.0
overlap,aria_iql_v7,45,0.4666666666666667,0.4029720279720281,31.085764618659372,30.49612261349938,31.665516628651915,17.257176412439584,20.11111111111111,17.0
overlap,behavior_cloning,45,0.5333333333333333,0.4696291560102302,24.280824351853845,23.69756913781778,24.890920818712868,13.011660679013673,13.666666666666666,13.6
overlap,decision_transformer,45,0.4888888888888889,0.42082210242587603,7.123338546507464,6.845804973400914,7.372684833835265,5.063707179153125,13.0,5.0
overlap,discrete_cql,45,0.5111111111111111,0.44609557109557113,25.379140909018062,24.6336741699603,26.130066511494462,15.786834680086107,30.0,15.444444444444445
overlap,fixed_script,45,0.5333333333333333,0.48663101604278075,10.18826410410281,9.85543515289511,10.471945969325137,6.055139032364837,10.0,6.0
overlap,random_valid,45,0.5333333333333333,0.5088416075650118,9.665634382374954,8.438948412561464,10.891293546379508,7.178571069731451,20.955555555555556,6.888888888888889
overlap,rule_based_adaptive,45,0.1111111111111111,0.13055555555555556,-3.223043707372414,-4.3804119162737845,-2.0432413166400822,2.5661190098998725,30.0,2.422222222222222
overlap,uncertainty_greedy,45,0.5777777777777777,0.5611546596988927,-2.513080354103805,-2.7934054876961705,-2.215503955549225,2.991279763930796,30.0,3.0
low_confidence,aria_iql_v7,45,0.9111111111111111,0.9095022624434389,11.49726713211591,11.029552538174228,11.941300274822238,3.96484475474394,18.22222222222222,17.0
low_confidence,behavior_cloning,45,0.9333333333333333,0.9326599326599326,8.2989255124168,7.886631761870786,8.670395439315051,2.8429873786482376,13.755555555555556,12.333333333333334
low_confidence,decision_transformer,45,0.8888888888888888,0.8857142857142858,2.9722600421707854,2.8012866625191397,3.132787805954316,1.8222474355212646,15.333333333333334,7.333333333333333
low_confidence,discrete_cql,45,0.8888888888888888,0.8857142857142858,5.006471593985467,4.5014645373490465,5.499171652062479,3.354684766360683,30.0,12.11111111111111
low_confidence,fixed_script,45,0.9111111111111111,0.9095022624434389,3.5063803023792683,3.2378610470371103,3.7454544329365014,1.6005498312158086,10.0,6.0
low_confidence,random_valid,45,0.8888888888888888,0.8857142857142858,1.94390604126815,1.275805677132369,2.5698903510803444,2.0307521756602473,20.955555555555556,6.888888888888889
low_confidence,rule_based_adaptive,45,0.24444444444444444,0.282051282051282,-6.462120927369456,-7.1045384059244725,-5.810063802438231,0.6571045669388813,30.0,2.3333333333333335
low_confidence,uncertainty_greedy,45,0.9555555555555556,0.9553571428571429,-4.1654935858174795,-5.133319934518596,-3.0413021758610252,1.0096709427883472,28.08888888888889,4.0
positive_shift,aria_iql_v7,45,1.0,1.0,31.14038368420595,30.617985582785167,31.641767190334587,17.269885419100266,20.022222222222222,17.0
positive_shift,behavior_cloning,45,1.0,1.0,25.081206896175,24.498434692272713,25.696638512803663,13.470434227079636,13.8,13.8
positive_shift,decision_transformer,45,1.0,1.0,7.044112956919147,6.7429619841649275,7.306586312658861,5.01089011942758,13.0,5.0
positive_shift,discrete_cql,45,1.0,1.0,27.307007848155475,26.219948317839048,28.322054065754227,16.552820046918463,30.0,16.377777777777776
positive_shift,fixed_script,45,0.9555555555555556,0.9553571428571429,10.374218299050101,10.042624955266234,10.653884035204712,6.179108495663031,10.0,6.0
positive_shift,random_valid,45,1.0,1.0,9.703639940689861,8.526833807968861,10.888592635133403,7.203908108608053,20.955555555555556,6.888888888888889
positive_shift,rule_based_adaptive,45,0.4222222222222222,0.47368421052631576,-3.3590522320424667,-4.598395911800654,-2.109946801889189,2.7524836971568742,30.0,2.6
positive_shift,uncertainty_greedy,45,0.9111111111111111,0.9095022624434389,-2.4359364763174125,-2.783136854668102,-2.120817790013046,2.9982645713439475,30.0,3.0
