ID,Category,Issue,Action,Details
17812897,HR,long_resume,prompt_text_limited,clean_characters=8885; prompt_characters=7987; limit=8000
15375009,HR,long_resume,prompt_text_limited,clean_characters=8641; prompt_characters=7987; limit=8000
11480899,HR,long_resume,prompt_text_limited,clean_characters=8389; prompt_characters=7991; limit=8000
24184357,HR,long_resume,prompt_text_limited,clean_characters=8775; prompt_characters=7988; limit=8000
18827609,HR,long_resume,prompt_text_limited,clean_characters=8102; prompt_characters=7986; limit=8000
25676643,HR,long_resume,prompt_text_limited,clean_characters=11004; prompt_characters=7984; limit=8000
57667857,HR,long_resume,prompt_text_limited,clean_characters=12256; prompt_characters=7995; limit=8000
21265194,HR,long_resume,prompt_text_limited,clean_characters=8963; prompt_characters=7983; limit=8000
26202430,HR,encoding_replacement_character,excluded,replacement_characters=2; source_row=49
72231872,HR,long_resume,prompt_text_limited,clean_characters=8801; prompt_characters=7995; limit=8000
21830565,HR,long_resume,prompt_text_limited,clean_characters=8076; prompt_characters=7983; limit=8000
24508725,HR,contact_data,redacted,email_matches=0; phone_matches=2; source_row=83
24508725,HR,long_resume,prompt_text_limited,clean_characters=16771; prompt_characters=7994; limit=8000
19179079,HR,long_resume,prompt_text_limited,clean_characters=13309; prompt_characters=7995; limit=8000
26048718,HR,long_resume,prompt_text_limited,clean_characters=12571; prompt_characters=7987; limit=8000
18297650,HR,long_resume,prompt_text_limited,clean_characters=10124; prompt_characters=7996; limit=8000
20806155,HR,contact_data,redacted,email_matches=0; phone_matches=6; source_row=96
20806155,HR,long_resume,prompt_text_limited,clean_characters=24577; prompt_characters=7993; limit=8000
15575117,HR,long_resume,prompt_text_limited,clean_characters=8910; prompt_characters=7989; limit=8000
35990852,DESIGNER,long_resume,prompt_text_limited,clean_characters=10144; prompt_characters=7989; limit=8000
90066849,DESIGNER,long_resume,prompt_text_limited,clean_characters=8017; prompt_characters=7994; limit=8000
27529455,DESIGNER,long_resume,prompt_text_limited,clean_characters=8083; prompt_characters=7983; limit=8000
10751444,DESIGNER,long_resume,prompt_text_limited,clean_characters=8004; prompt_characters=7996; limit=8000
11807040,DESIGNER,long_resume,prompt_text_limited,clean_characters=9625; prompt_characters=7993; limit=8000
26496059,DESIGNER,long_resume,prompt_text_limited,clean_characters=9831; prompt_characters=7993; limit=8000
44185767,DESIGNER,long_resume,prompt_text_limited,clean_characters=8705; prompt_characters=7988; limit=8000
26676567,DESIGNER,long_resume,prompt_text_limited,clean_characters=11435; prompt_characters=7986; limit=8000
26924514,DESIGNER,long_resume,prompt_text_limited,clean_characters=8809; prompt_characters=7987; limit=8000
11155153,DESIGNER,long_resume,prompt_text_limited,clean_characters=16519; prompt_characters=7988; limit=8000
15471999,DESIGNER,contact_data,redacted,email_matches=0; phone_matches=1; source_row=169
34317538,DESIGNER,long_resume,prompt_text_limited,clean_characters=15450; prompt_characters=7995; limit=8000
37664296,DESIGNER,long_resume,prompt_text_limited,clean_characters=10254; prompt_characters=7995; limit=8000
13014900,DESIGNER,long_resume,prompt_text_limited,clean_characters=10554; prompt_characters=7987; limit=8000
21780877,INFORMATION-TECHNOLOGY,contact_data,redacted,email_matches=0; phone_matches=3; source_row=220
19796840,INFORMATION-TECHNOLOGY,long_resume,prompt_text_limited,clean_characters=15628; prompt_characters=7994; limit=8000
12045067,INFORMATION-TECHNOLOGY,contact_data,redacted,email_matches=0; phone_matches=2; source_row=228
12045067,INFORMATION-TECHNOLOGY,long_resume,prompt_text_limited,clean_characters=8862; prompt_characters=7995; limit=8000
14789139,INFORMATION-TECHNOLOGY,long_resume,prompt_text_limited,clean_characters=8572; prompt_characters=7987; limit=8000
26801767,INFORMATION-TECHNOLOGY,long_resume,prompt_text_limited,clean_characters=9433; prompt_characters=7989; limit=8000
27372171,INFORMATION-TECHNOLOGY,long_resume,prompt_text_limited,clean_characters=11879; prompt_characters=7995; limit=8000
38753827,INFORMATION-TECHNOLOGY,long_resume,prompt_text_limited,clean_characters=9730; prompt_characters=7994; limit=8000
32959732,INFORMATION-TECHNOLOGY,long_resume,prompt_text_limited,clean_characters=11535; prompt_characters=7997; limit=8000
46260230,INFORMATION-TECHNOLOGY,long_resume,prompt_text_limited,clean_characters=10192; prompt_characters=7990; limit=8000
18752129,INFORMATION-TECHNOLOGY,long_resume,prompt_text_limited,clean_characters=8616; prompt_characters=7987; limit=8000
90867631,INFORMATION-TECHNOLOGY,contact_data,redacted,email_matches=2; phone_matches=6; source_row=260
90867631,INFORMATION-TECHNOLOGY,long_resume,prompt_text_limited,clean_characters=12534; prompt_characters=7985; limit=8000
17641670,INFORMATION-TECHNOLOGY,long_resume,prompt_text_limited,clean_characters=14003; prompt_characters=7992; limit=8000
28126340,INFORMATION-TECHNOLOGY,long_resume,prompt_text_limited,clean_characters=8681; prompt_characters=7992; limit=8000
10089434,INFORMATION-TECHNOLOGY,long_resume,prompt_text_limited,clean_characters=8261; prompt_characters=7996; limit=8000
11957080,INFORMATION-TECHNOLOGY,long_resume,prompt_text_limited,clean_characters=9143; prompt_characters=7984; limit=8000
18159866,INFORMATION-TECHNOLOGY,long_resume,prompt_text_limited,clean_characters=10296; prompt_characters=7983; limit=8000
22776912,INFORMATION-TECHNOLOGY,long_resume,prompt_text_limited,clean_characters=9291; prompt_characters=7992; limit=8000
18187364,INFORMATION-TECHNOLOGY,long_resume,prompt_text_limited,clean_characters=9215; prompt_characters=7991; limit=8000
83816738,INFORMATION-TECHNOLOGY,long_resume,prompt_text_limited,clean_characters=9141; prompt_characters=7989; limit=8000
33381211,INFORMATION-TECHNOLOGY,long_resume,prompt_text_limited,clean_characters=10769; prompt_characters=7996; limit=8000
20879311,INFORMATION-TECHNOLOGY,long_resume,prompt_text_limited,clean_characters=8154; prompt_characters=7992; limit=8000
31111279,INFORMATION-TECHNOLOGY,long_resume,prompt_text_limited,clean_characters=8015; prompt_characters=7993; limit=8000
17111768,INFORMATION-TECHNOLOGY,long_resume,prompt_text_limited,clean_characters=10611; prompt_characters=7993; limit=8000
20408458,INFORMATION-TECHNOLOGY,long_resume,prompt_text_limited,clean_characters=8378; prompt_characters=7993; limit=8000
16186411,INFORMATION-TECHNOLOGY,long_resume,prompt_text_limited,clean_characters=8993; prompt_characters=7994; limit=8000
26746496,INFORMATION-TECHNOLOGY,long_resume,prompt_text_limited,clean_characters=8220; prompt_characters=7996; limit=8000
12334140,INFORMATION-TECHNOLOGY,long_resume,prompt_text_limited,clean_characters=13057; prompt_characters=7993; limit=8000
30223363,INFORMATION-TECHNOLOGY,long_resume,prompt_text_limited,clean_characters=10842; prompt_characters=7992; limit=8000
29075857,INFORMATION-TECHNOLOGY,long_resume,prompt_text_limited,clean_characters=9275; prompt_characters=7992; limit=8000
27058381,INFORMATION-TECHNOLOGY,contact_data,redacted,email_matches=0; phone_matches=2; source_row=323
27058381,INFORMATION-TECHNOLOGY,long_resume,prompt_text_limited,clean_characters=11457; prompt_characters=7991; limit=8000
15802627,INFORMATION-TECHNOLOGY,long_resume,prompt_text_limited,clean_characters=8094; prompt_characters=7988; limit=8000
51363762,INFORMATION-TECHNOLOGY,long_resume,prompt_text_limited,clean_characters=8155; prompt_characters=7996; limit=8000
18067556,INFORMATION-TECHNOLOGY,long_resume,prompt_text_limited,clean_characters=19991; prompt_characters=7986; limit=8000
79541391,INFORMATION-TECHNOLOGY,long_resume,prompt_text_limited,clean_characters=12843; prompt_characters=7988; limit=8000
33704389,TEACHER,contact_data,redacted,email_matches=0; phone_matches=2; source_row=348
48547319,TEACHER,contact_data,redacted,email_matches=0; phone_matches=1; source_row=355
34465087,TEACHER,contact_data,redacted,email_matches=0; phone_matches=1; source_row=372
16270906,TEACHER,long_resume,prompt_text_limited,clean_characters=10885; prompt_characters=7992; limit=8000
27531694,TEACHER,long_resume,prompt_text_limited,clean_characters=8334; prompt_characters=7990; limit=8000
23398843,TEACHER,contact_data,redacted,email_matches=2; phone_matches=0; source_row=388
31552617,TEACHER,contact_data,redacted,email_matches=0; phone_matches=1; source_row=389
37660306,TEACHER,long_resume,prompt_text_limited,clean_characters=17726; prompt_characters=7986; limit=8000
86597425,TEACHER,long_resume,prompt_text_limited,clean_characters=9064; prompt_characters=7991; limit=8000
28933005,TEACHER,long_resume,prompt_text_limited,clean_characters=8291; prompt_characters=7995; limit=8000
27126818,TEACHER,long_resume,prompt_text_limited,clean_characters=13547; prompt_characters=7996; limit=8000
27524018,TEACHER,long_resume,prompt_text_limited,clean_characters=8759; prompt_characters=7989; limit=8000
27798860,TEACHER,long_resume,prompt_text_limited,clean_characters=10372; prompt_characters=7990; limit=8000
16332348,ADVOCATE,long_resume,prompt_text_limited,clean_characters=11994; prompt_characters=7986; limit=8000
24588864,ADVOCATE,long_resume,prompt_text_limited,clean_characters=13156; prompt_characters=7992; limit=8000
19063156,ADVOCATE,long_resume,prompt_text_limited,clean_characters=16302; prompt_characters=7987; limit=8000
91051945,ADVOCATE,long_resume,prompt_text_limited,clean_characters=13704; prompt_characters=7986; limit=8000
37560528,ADVOCATE,long_resume,prompt_text_limited,clean_characters=8386; prompt_characters=7989; limit=8000
95970987,ADVOCATE,long_resume,prompt_text_limited,clean_characters=12357; prompt_characters=7998; limit=8000
75950464,ADVOCATE,long_resume,prompt_text_limited,clean_characters=11738; prompt_characters=7994; limit=8000
19108760,ADVOCATE,long_resume,prompt_text_limited,clean_characters=8251; prompt_characters=7994; limit=8000
77439230,ADVOCATE,long_resume,prompt_text_limited,clean_characters=8200; prompt_characters=7986; limit=8000
28111403,ADVOCATE,encoding_replacement_character,excluded,replacement_characters=20; source_row=535
44115326,ADVOCATE,long_resume,prompt_text_limited,clean_characters=20626; prompt_characters=7985; limit=8000
24946537,ADVOCATE,long_resume,prompt_text_limited,clean_characters=11654; prompt_characters=7986; limit=8000
24763208,ADVOCATE,long_resume,prompt_text_limited,clean_characters=8999; prompt_characters=7994; limit=8000
36805025,BUSINESS-DEVELOPMENT,long_resume,prompt_text_limited,clean_characters=10648; prompt_characters=7986; limit=8000
37521676,BUSINESS-DEVELOPMENT,long_resume,prompt_text_limited,clean_characters=9923; prompt_characters=7992; limit=8000
82118447,BUSINESS-DEVELOPMENT,long_resume,prompt_text_limited,clean_characters=9419; prompt_characters=7991; limit=8000
77576845,BUSINESS-DEVELOPMENT,contact_data,redacted,email_matches=0; phone_matches=4; source_row=603
26278597,BUSINESS-DEVELOPMENT,long_resume,prompt_text_limited,clean_characters=8122; prompt_characters=7986; limit=8000
22025574,BUSINESS-DEVELOPMENT,contact_data,redacted,email_matches=0; phone_matches=2; source_row=616
10235211,BUSINESS-DEVELOPMENT,long_resume,prompt_text_limited,clean_characters=8169; prompt_characters=7996; limit=8000
29014805,BUSINESS-DEVELOPMENT,long_resume,prompt_text_limited,clean_characters=8873; prompt_characters=7994; limit=8000
22765255,BUSINESS-DEVELOPMENT,long_resume,prompt_text_limited,clean_characters=9162; prompt_characters=7991; limit=8000
16846478,BUSINESS-DEVELOPMENT,long_resume,prompt_text_limited,clean_characters=8092; prompt_characters=7990; limit=8000
12230301,BUSINESS-DEVELOPMENT,long_resume,prompt_text_limited,clean_characters=12186; prompt_characters=7996; limit=8000
59696315,BUSINESS-DEVELOPMENT,long_resume,prompt_text_limited,clean_characters=10500; prompt_characters=7992; limit=8000
12632728,BUSINESS-DEVELOPMENT,blank_or_short,excluded,normalized_characters=0; source_row=658
15811992,BUSINESS-DEVELOPMENT,contact_data,redacted,email_matches=0; phone_matches=1; source_row=663
33424600,BUSINESS-DEVELOPMENT,long_resume,prompt_text_limited,clean_characters=9616; prompt_characters=7988; limit=8000
23617240,HEALTHCARE,long_resume,prompt_text_limited,clean_characters=9732; prompt_characters=7990; limit=8000
93988900,HEALTHCARE,long_resume,prompt_text_limited,clean_characters=12039; prompt_characters=7988; limit=8000
28670024,HEALTHCARE,long_resume,prompt_text_limited,clean_characters=20400; prompt_characters=7986; limit=8000
26125407,HEALTHCARE,long_resume,prompt_text_limited,clean_characters=8426; prompt_characters=7987; limit=8000
22008817,HEALTHCARE,long_resume,prompt_text_limited,clean_characters=8240; prompt_characters=7987; limit=8000
20748468,HEALTHCARE,long_resume,prompt_text_limited,clean_characters=9845; prompt_characters=7989; limit=8000
98300955,HEALTHCARE,long_resume,prompt_text_limited,clean_characters=10414; prompt_characters=7990; limit=8000
10480456,HEALTHCARE,long_resume,prompt_text_limited,clean_characters=16050; prompt_characters=7988; limit=8000
14667957,HEALTHCARE,contact_data,redacted,email_matches=0; phone_matches=1; source_row=720
10062724,HEALTHCARE,long_resume,prompt_text_limited,clean_characters=11455; prompt_characters=7995; limit=8000
17864043,HEALTHCARE,long_resume,prompt_text_limited,clean_characters=8002; prompt_characters=7992; limit=8000
16121387,HEALTHCARE,long_resume,prompt_text_limited,clean_characters=8972; prompt_characters=7990; limit=8000
13565152,HEALTHCARE,long_resume,prompt_text_limited,clean_characters=12050; prompt_characters=7994; limit=8000
27917969,HEALTHCARE,long_resume,prompt_text_limited,clean_characters=10785; prompt_characters=7986; limit=8000
28423028,HEALTHCARE,long_resume,prompt_text_limited,clean_characters=8026; prompt_characters=7994; limit=8000
23110214,HEALTHCARE,long_resume,prompt_text_limited,clean_characters=8330; prompt_characters=7978; limit=8000
17963031,HEALTHCARE,contact_data,redacted,email_matches=0; phone_matches=1; source_row=750
98309114,HEALTHCARE,long_resume,prompt_text_limited,clean_characters=11928; prompt_characters=7988; limit=8000
45907524,HEALTHCARE,long_resume,prompt_text_limited,clean_characters=9186; prompt_characters=7994; limit=8000
85417107,HEALTHCARE,long_resume,prompt_text_limited,clean_characters=8178; prompt_characters=7997; limit=8000
16356151,HEALTHCARE,long_resume,prompt_text_limited,clean_characters=9538; prompt_characters=7995; limit=8000
33803142,HEALTHCARE,long_resume,prompt_text_limited,clean_characters=8255; prompt_characters=7992; limit=8000
32563518,HEALTHCARE,long_resume,prompt_text_limited,clean_characters=8743; prompt_characters=7992; limit=8000
10568183,HEALTHCARE,contact_data,redacted,email_matches=0; phone_matches=4; source_row=782
97169343,HEALTHCARE,long_resume,prompt_text_limited,clean_characters=11468; prompt_characters=7991; limit=8000
30757456,FITNESS,long_resume,prompt_text_limited,clean_characters=12787; prompt_characters=7993; limit=8000
19037403,FITNESS,long_resume,prompt_text_limited,clean_characters=8281; prompt_characters=7990; limit=8000
13367322,FITNESS,long_resume,prompt_text_limited,clean_characters=8072; prompt_characters=7986; limit=8000
12923795,FITNESS,long_resume,prompt_text_limited,clean_characters=8271; prompt_characters=7992; limit=8000
36139251,FITNESS,long_resume,prompt_text_limited,clean_characters=9738; prompt_characters=7988; limit=8000
70603826,FITNESS,long_resume,prompt_text_limited,clean_characters=8177; prompt_characters=7986; limit=8000
19938081,FITNESS,long_resume,prompt_text_limited,clean_characters=9214; prompt_characters=7991; limit=8000
10333051,FITNESS,long_resume,prompt_text_limited,clean_characters=8492; prompt_characters=7989; limit=8000
34792238,FITNESS,long_resume,prompt_text_limited,clean_characters=13754; prompt_characters=7987; limit=8000
37292350,AGRICULTURE,contact_data,redacted,email_matches=0; phone_matches=1; source_row=914
37292350,AGRICULTURE,long_resume,prompt_text_limited,clean_characters=14255; prompt_characters=7992; limit=8000
30437583,AGRICULTURE,contact_data,redacted,email_matches=1; phone_matches=2; source_row=924
38216888,AGRICULTURE,contact_data,redacted,email_matches=2; phone_matches=0; source_row=929
11813872,AGRICULTURE,long_resume,prompt_text_limited,clean_characters=8602; prompt_characters=7997; limit=8000
23631188,AGRICULTURE,long_resume,prompt_text_limited,clean_characters=8073; prompt_characters=7982; limit=8000
36102323,AGRICULTURE,long_resume,prompt_text_limited,clean_characters=8047; prompt_characters=7986; limit=8000
20969119,AGRICULTURE,long_resume,prompt_text_limited,clean_characters=9260; prompt_characters=7996; limit=8000
17640785,AGRICULTURE,contact_data,redacted,email_matches=4; phone_matches=3; source_row=951
16507693,AGRICULTURE,contact_data,redacted,email_matches=0; phone_matches=2; source_row=959
16507693,AGRICULTURE,long_resume,prompt_text_limited,clean_characters=11044; prompt_characters=7989; limit=8000
26835781,AGRICULTURE,contact_data,redacted,email_matches=1; phone_matches=1; source_row=961
18264694,AGRICULTURE,long_resume,prompt_text_limited,clean_characters=10566; prompt_characters=7989; limit=8000
16661264,AGRICULTURE,contact_data,redacted,email_matches=0; phone_matches=9; source_row=968
16661264,AGRICULTURE,long_resume,prompt_text_limited,clean_characters=11467; prompt_characters=7989; limit=8000
26070334,AGRICULTURE,contact_data,redacted,email_matches=0; phone_matches=1; source_row=969
26070334,AGRICULTURE,long_resume,prompt_text_limited,clean_characters=10392; prompt_characters=7992; limit=8000
29142288,AGRICULTURE,long_resume,prompt_text_limited,clean_characters=10986; prompt_characters=7997; limit=8000
79536879,AGRICULTURE,contact_data,redacted,email_matches=0; phone_matches=5; source_row=972
79536879,AGRICULTURE,long_resume,prompt_text_limited,clean_characters=9406; prompt_characters=7985; limit=8000
23933031,BPO,long_resume,prompt_text_limited,clean_characters=8336; prompt_characters=7990; limit=8000
11183737,BPO,long_resume,prompt_text_limited,clean_characters=8194; prompt_characters=7987; limit=8000
57706851,BPO,long_resume,prompt_text_limited,clean_characters=9750; prompt_characters=7987; limit=8000
41152404,BPO,long_resume,prompt_text_limited,clean_characters=8059; prompt_characters=7989; limit=8000
27710853,BPO,long_resume,prompt_text_limited,clean_characters=15663; prompt_characters=7996; limit=8000
15573418,BPO,long_resume,prompt_text_limited,clean_characters=8716; prompt_characters=7990; limit=8000
45077654,BPO,long_resume,prompt_text_limited,clean_characters=9049; prompt_characters=7991; limit=8000
29134721,SALES,long_resume,prompt_text_limited,clean_characters=12208; prompt_characters=7986; limit=8000
36904300,SALES,long_resume,prompt_text_limited,clean_characters=9193; prompt_characters=7984; limit=8000
26932091,SALES,long_resume,prompt_text_limited,clean_characters=8216; prompt_characters=7987; limit=8000
42304307,SALES,encoding_replacement_character,excluded,replacement_characters=12; source_row=1071
13178604,SALES,long_resume,prompt_text_limited,clean_characters=9696; prompt_characters=7997; limit=8000
65456466,SALES,long_resume,prompt_text_limited,clean_characters=8150; prompt_characters=7981; limit=8000
17704246,SALES,long_resume,prompt_text_limited,clean_characters=17961; prompt_characters=7993; limit=8000
70528646,SALES,long_resume,prompt_text_limited,clean_characters=9190; prompt_characters=7990; limit=8000
23032182,SALES,long_resume,prompt_text_limited,clean_characters=8859; prompt_characters=7988; limit=8000
36970996,SALES,long_resume,prompt_text_limited,clean_characters=8692; prompt_characters=7991; limit=8000
31199035,SALES,contact_data,redacted,email_matches=0; phone_matches=12; source_row=1102
43311839,CONSULTANT,long_resume,prompt_text_limited,clean_characters=11809; prompt_characters=7991; limit=8000
93349646,CONSULTANT,long_resume,prompt_text_limited,clean_characters=8064; prompt_characters=7983; limit=8000
93459677,CONSULTANT,long_resume,prompt_text_limited,clean_characters=9138; prompt_characters=7986; limit=8000
22259768,CONSULTANT,long_resume,prompt_text_limited,clean_characters=9745; prompt_characters=7986; limit=8000
29723311,CONSULTANT,long_resume,prompt_text_limited,clean_characters=10265; prompt_characters=7990; limit=8000
22556198,CONSULTANT,long_resume,prompt_text_limited,clean_characters=8290; prompt_characters=7982; limit=8000
30863060,CONSULTANT,long_resume,prompt_text_limited,clean_characters=8103; prompt_characters=7992; limit=8000
39441617,CONSULTANT,long_resume,prompt_text_limited,clean_characters=8876; prompt_characters=7996; limit=8000
12374933,CONSULTANT,long_resume,prompt_text_limited,clean_characters=11374; prompt_characters=7983; limit=8000
20176584,CONSULTANT,long_resume,prompt_text_limited,clean_characters=10772; prompt_characters=7982; limit=8000
23302948,CONSULTANT,long_resume,prompt_text_limited,clean_characters=8165; prompt_characters=7994; limit=8000
31217840,CONSULTANT,long_resume,prompt_text_limited,clean_characters=10573; prompt_characters=7987; limit=8000
29647215,CONSULTANT,long_resume,prompt_text_limited,clean_characters=8230; prompt_characters=7994; limit=8000
73075521,CONSULTANT,long_resume,prompt_text_limited,clean_characters=12388; prompt_characters=7985; limit=8000
20314980,CONSULTANT,long_resume,prompt_text_limited,clean_characters=12657; prompt_characters=7989; limit=8000
27726066,CONSULTANT,long_resume,prompt_text_limited,clean_characters=8422; prompt_characters=7993; limit=8000
95429627,CONSULTANT,contact_data,redacted,email_matches=1; phone_matches=1; source_row=1174
92246939,CONSULTANT,long_resume,prompt_text_limited,clean_characters=11092; prompt_characters=7990; limit=8000
31016926,CONSULTANT,long_resume,prompt_text_limited,clean_characters=8320; prompt_characters=7982; limit=8000
95792386,CONSULTANT,long_resume,prompt_text_limited,clean_characters=10333; prompt_characters=7983; limit=8000
14593060,CONSULTANT,long_resume,prompt_text_limited,clean_characters=8839; prompt_characters=7994; limit=8000
12251115,CONSULTANT,contact_data,redacted,email_matches=0; phone_matches=3; source_row=1191
12955994,CONSULTANT,long_resume,prompt_text_limited,clean_characters=8515; prompt_characters=7995; limit=8000
13215696,CONSULTANT,long_resume,prompt_text_limited,clean_characters=9422; prompt_characters=7995; limit=8000
29297393,CONSULTANT,long_resume,prompt_text_limited,clean_characters=13044; prompt_characters=7982; limit=8000
22571461,CONSULTANT,contact_data,redacted,email_matches=1; phone_matches=1; source_row=1204
15535920,CONSULTANT,long_resume,prompt_text_limited,clean_characters=12363; prompt_characters=7988; limit=8000
26919036,CONSULTANT,contact_data,redacted,email_matches=1; phone_matches=1; source_row=1223
26167298,CONSULTANT,long_resume,prompt_text_limited,clean_characters=14759; prompt_characters=7984; limit=8000
19861776,DIGITAL-MEDIA,long_resume,prompt_text_limited,clean_characters=10382; prompt_characters=7992; limit=8000
11005406,DIGITAL-MEDIA,contact_data,redacted,email_matches=0; phone_matches=1; source_row=1236
26341987,DIGITAL-MEDIA,long_resume,prompt_text_limited,clean_characters=14401; prompt_characters=7984; limit=8000
27419236,DIGITAL-MEDIA,long_resume,prompt_text_limited,clean_characters=9099; prompt_characters=7986; limit=8000
18442517,DIGITAL-MEDIA,long_resume,prompt_text_limited,clean_characters=8109; prompt_characters=7987; limit=8000
24574164,DIGITAL-MEDIA,long_resume,prompt_text_limited,clean_characters=10742; prompt_characters=7991; limit=8000
23085604,DIGITAL-MEDIA,long_resume,prompt_text_limited,clean_characters=23723; prompt_characters=7995; limit=8000
37739183,DIGITAL-MEDIA,long_resume,prompt_text_limited,clean_characters=12627; prompt_characters=7992; limit=8000
91539554,DIGITAL-MEDIA,contact_data,redacted,email_matches=0; phone_matches=2; source_row=1271
73282756,DIGITAL-MEDIA,long_resume,prompt_text_limited,clean_characters=8867; prompt_characters=7988; limit=8000
56952849,DIGITAL-MEDIA,long_resume,prompt_text_limited,clean_characters=8223; prompt_characters=7993; limit=8000
20490741,DIGITAL-MEDIA,long_resume,prompt_text_limited,clean_characters=12276; prompt_characters=7988; limit=8000
80679862,DIGITAL-MEDIA,long_resume,prompt_text_limited,clean_characters=9715; prompt_characters=7986; limit=8000
28679359,DIGITAL-MEDIA,long_resume,prompt_text_limited,clean_characters=8599; prompt_characters=7979; limit=8000
11152490,AUTOMOBILE,long_resume,prompt_text_limited,clean_characters=13271; prompt_characters=7990; limit=8000
99680385,AUTOMOBILE,long_resume,prompt_text_limited,clean_characters=9384; prompt_characters=7981; limit=8000
22452756,AUTOMOBILE,contact_data,redacted,email_matches=0; phone_matches=1; source_row=1356
51508889,AUTOMOBILE,long_resume,prompt_text_limited,clean_characters=21063; prompt_characters=7982; limit=8000
23568731,CHEF,long_resume,prompt_text_limited,clean_characters=8176; prompt_characters=7995; limit=8000
14663897,CHEF,long_resume,prompt_text_limited,clean_characters=35395; prompt_characters=7991; limit=8000
34252537,CHEF,long_resume,prompt_text_limited,clean_characters=9477; prompt_characters=7993; limit=8000
13095891,CHEF,contact_data,redacted,email_matches=0; phone_matches=1; source_row=1383
23032276,CHEF,long_resume,prompt_text_limited,clean_characters=11778; prompt_characters=7994; limit=8000
65373280,CHEF,long_resume,prompt_text_limited,clean_characters=14165; prompt_characters=7992; limit=8000
94047639,CHEF,long_resume,prompt_text_limited,clean_characters=10224; prompt_characters=7994; limit=8000
33964275,CHEF,long_resume,prompt_text_limited,clean_characters=10912; prompt_characters=7975; limit=8000
21101152,CHEF,long_resume,prompt_text_limited,clean_characters=8013; prompt_characters=7991; limit=8000
22561438,CHEF,contact_data,redacted,email_matches=0; phone_matches=3; source_row=1426
29775391,CHEF,long_resume,prompt_text_limited,clean_characters=9179; prompt_characters=7991; limit=8000
28396528,CHEF,long_resume,prompt_text_limited,clean_characters=8483; prompt_characters=7981; limit=8000
36366044,CHEF,long_resume,prompt_text_limited,clean_characters=8578; prompt_characters=7989; limit=8000
24709432,CHEF,contact_data,redacted,email_matches=0; phone_matches=3; source_row=1464
11432686,CHEF,long_resume,prompt_text_limited,clean_characters=10473; prompt_characters=7992; limit=8000
25452321,CHEF,contact_data,redacted,email_matches=0; phone_matches=5; source_row=1470
26530575,FINANCE,long_resume,prompt_text_limited,clean_characters=10009; prompt_characters=7987; limit=8000
70541112,FINANCE,long_resume,prompt_text_limited,clean_characters=8119; prompt_characters=7991; limit=8000
84356308,FINANCE,long_resume,prompt_text_limited,clean_characters=9431; prompt_characters=7990; limit=8000
28758002,FINANCE,encoding_replacement_character,excluded,replacement_characters=12; source_row=1504
28396458,FINANCE,long_resume,prompt_text_limited,clean_characters=8210; prompt_characters=7993; limit=8000
28398216,FINANCE,duplicate_normalized_text,excluded,retained_id=19147603; source_row=1511
16426777,FINANCE,long_resume,prompt_text_limited,clean_characters=8017; prompt_characters=7992; limit=8000
81677620,FINANCE,long_resume,prompt_text_limited,clean_characters=9453; prompt_characters=7983; limit=8000
24670867,FINANCE,long_resume,prompt_text_limited,clean_characters=9194; prompt_characters=7995; limit=8000
15011085,FINANCE,long_resume,prompt_text_limited,clean_characters=19957; prompt_characters=7987; limit=8000
14181049,FINANCE,long_resume,prompt_text_limited,clean_characters=8924; prompt_characters=7983; limit=8000
28973180,FINANCE,long_resume,prompt_text_limited,clean_characters=8719; prompt_characters=7992; limit=8000
81217013,FINANCE,long_resume,prompt_text_limited,clean_characters=8114; prompt_characters=7994; limit=8000
12071138,FINANCE,long_resume,prompt_text_limited,clean_characters=10510; prompt_characters=7989; limit=8000
25678238,FINANCE,contact_data,redacted,email_matches=0; phone_matches=1; source_row=1558
14106638,FINANCE,long_resume,prompt_text_limited,clean_characters=8245; prompt_characters=7990; limit=8000
59818742,FINANCE,contact_data,redacted,email_matches=2; phone_matches=0; source_row=1578
24833063,FINANCE,long_resume,prompt_text_limited,clean_characters=10839; prompt_characters=7993; limit=8000
27409087,FINANCE,long_resume,prompt_text_limited,clean_characters=9520; prompt_characters=7986; limit=8000
19540089,FINANCE,long_resume,prompt_text_limited,clean_characters=8206; prompt_characters=7994; limit=8000
24967652,FINANCE,long_resume,prompt_text_limited,clean_characters=8825; prompt_characters=7992; limit=8000
71767359,APPAREL,long_resume,prompt_text_limited,clean_characters=8747; prompt_characters=7996; limit=8000
14413257,APPAREL,contact_data,redacted,email_matches=0; phone_matches=1; source_row=1602
58208591,APPAREL,long_resume,prompt_text_limited,clean_characters=11999; prompt_characters=7987; limit=8000
29764492,APPAREL,long_resume,prompt_text_limited,clean_characters=10916; prompt_characters=7988; limit=8000
16605640,APPAREL,contact_data,redacted,email_matches=2; phone_matches=3; source_row=1641
17714174,APPAREL,long_resume,prompt_text_limited,clean_characters=12573; prompt_characters=7984; limit=8000
12059610,APPAREL,contact_data,redacted,email_matches=2; phone_matches=2; source_row=1651
35603950,APPAREL,contact_data,redacted,email_matches=2; phone_matches=5; source_row=1674
52252936,APPAREL,contact_data,redacted,email_matches=0; phone_matches=1; source_row=1675
70750649,APPAREL,long_resume,prompt_text_limited,clean_characters=8626; prompt_characters=7990; limit=8000
19714635,APPAREL,long_resume,prompt_text_limited,clean_characters=10763; prompt_characters=7990; limit=8000
15139979,ENGINEERING,long_resume,prompt_text_limited,clean_characters=12826; prompt_characters=7994; limit=8000
37335325,ENGINEERING,long_resume,prompt_text_limited,clean_characters=8876; prompt_characters=7977; limit=8000
81125166,ENGINEERING,long_resume,prompt_text_limited,clean_characters=9195; prompt_characters=7987; limit=8000
32081266,ENGINEERING,long_resume,prompt_text_limited,clean_characters=10382; prompt_characters=7989; limit=8000
50328713,ENGINEERING,long_resume,prompt_text_limited,clean_characters=8996; prompt_characters=7987; limit=8000
28628090,ENGINEERING,long_resume,prompt_text_limited,clean_characters=11404; prompt_characters=7991; limit=8000
25425322,ENGINEERING,contact_data,redacted,email_matches=1; phone_matches=1; source_row=1738
90280583,ENGINEERING,contact_data,redacted,email_matches=1; phone_matches=1; source_row=1743
35651876,ENGINEERING,long_resume,prompt_text_limited,clean_characters=15152; prompt_characters=7986; limit=8000
30542184,ENGINEERING,long_resume,prompt_text_limited,clean_characters=8809; prompt_characters=7995; limit=8000
35389360,ENGINEERING,long_resume,prompt_text_limited,clean_characters=10068; prompt_characters=7994; limit=8000
10712803,ENGINEERING,long_resume,prompt_text_limited,clean_characters=9273; prompt_characters=7984; limit=8000
14554542,ENGINEERING,long_resume,prompt_text_limited,clean_characters=11521; prompt_characters=7986; limit=8000
49127329,ENGINEERING,long_resume,prompt_text_limited,clean_characters=8447; prompt_characters=7983; limit=8000
21038022,ENGINEERING,long_resume,prompt_text_limited,clean_characters=8219; prompt_characters=7994; limit=8000
47276718,ENGINEERING,long_resume,prompt_text_limited,clean_characters=8006; prompt_characters=7989; limit=8000
13264796,ENGINEERING,long_resume,prompt_text_limited,clean_characters=18672; prompt_characters=7975; limit=8000
12472574,ENGINEERING,long_resume,prompt_text_limited,clean_characters=17701; prompt_characters=7989; limit=8000
31694970,ENGINEERING,long_resume,prompt_text_limited,clean_characters=8052; prompt_characters=7989; limit=8000
10554236,ACCOUNTANT,long_resume,prompt_text_limited,clean_characters=24071; prompt_characters=7979; limit=8000
19545827,ACCOUNTANT,contact_data,redacted,email_matches=1; phone_matches=1; source_row=1821
23734441,ACCOUNTANT,contact_data,redacted,email_matches=0; phone_matches=2; source_row=1827
53640713,ACCOUNTANT,long_resume,prompt_text_limited,clean_characters=11607; prompt_characters=7981; limit=8000
11163645,ACCOUNTANT,contact_data,redacted,email_matches=0; phone_matches=1; source_row=1846
25067742,ACCOUNTANT,contact_data,redacted,email_matches=0; phone_matches=2; source_row=1855
18132924,ACCOUNTANT,encoding_replacement_character,excluded,replacement_characters=6; source_row=1858
17556527,ACCOUNTANT,long_resume,prompt_text_limited,clean_characters=8112; prompt_characters=7997; limit=8000
49204385,ACCOUNTANT,long_resume,prompt_text_limited,clean_characters=11390; prompt_characters=7991; limit=8000
28614791,ACCOUNTANT,contact_data,redacted,email_matches=0; phone_matches=6; source_row=1873
29821051,ACCOUNTANT,long_resume,prompt_text_limited,clean_characters=8099; prompt_characters=7996; limit=8000
29999135,ACCOUNTANT,long_resume,prompt_text_limited,clean_characters=10262; prompt_characters=7983; limit=8000
27637576,ACCOUNTANT,long_resume,prompt_text_limited,clean_characters=8856; prompt_characters=7995; limit=8000
24294778,ACCOUNTANT,long_resume,prompt_text_limited,clean_characters=8983; prompt_characters=7975; limit=8000
15289348,ACCOUNTANT,long_resume,prompt_text_limited,clean_characters=8347; prompt_characters=7991; limit=8000
78257294,ACCOUNTANT,long_resume,prompt_text_limited,clean_characters=8428; prompt_characters=7993; limit=8000
17306905,ACCOUNTANT,long_resume,prompt_text_limited,clean_characters=13058; prompt_characters=7987; limit=8000
26975573,ACCOUNTANT,long_resume,prompt_text_limited,clean_characters=8531; prompt_characters=7990; limit=8000
29050809,ACCOUNTANT,long_resume,prompt_text_limited,clean_characters=8950; prompt_characters=7987; limit=8000
18635654,ACCOUNTANT,contact_data,redacted,email_matches=1; phone_matches=0; source_row=1923
50222417,ACCOUNTANT,long_resume,prompt_text_limited,clean_characters=8607; prompt_characters=7995; limit=8000
78114950,CONSTRUCTION,long_resume,prompt_text_limited,clean_characters=11398; prompt_characters=7992; limit=8000
22019500,CONSTRUCTION,long_resume,prompt_text_limited,clean_characters=8506; prompt_characters=7994; limit=8000
16353584,CONSTRUCTION,contact_data,redacted,email_matches=0; phone_matches=1; source_row=1946
12491898,CONSTRUCTION,contact_data,redacted,email_matches=0; phone_matches=1; source_row=1950
12491898,CONSTRUCTION,long_resume,prompt_text_limited,clean_characters=17438; prompt_characters=7991; limit=8000
32799518,CONSTRUCTION,long_resume,prompt_text_limited,clean_characters=11383; prompt_characters=7994; limit=8000
10176013,CONSTRUCTION,long_resume,prompt_text_limited,clean_characters=9058; prompt_characters=7991; limit=8000
17342969,CONSTRUCTION,long_resume,prompt_text_limited,clean_characters=20948; prompt_characters=7996; limit=8000
15721849,CONSTRUCTION,long_resume,prompt_text_limited,clean_characters=8160; prompt_characters=7978; limit=8000
29894080,CONSTRUCTION,long_resume,prompt_text_limited,clean_characters=8698; prompt_characters=7997; limit=8000
25187733,CONSTRUCTION,long_resume,prompt_text_limited,clean_characters=12071; prompt_characters=7987; limit=8000
10149490,CONSTRUCTION,long_resume,prompt_text_limited,clean_characters=9733; prompt_characters=7982; limit=8000
27243670,CONSTRUCTION,long_resume,prompt_text_limited,clean_characters=9556; prompt_characters=7989; limit=8000
49685006,CONSTRUCTION,long_resume,prompt_text_limited,clean_characters=9631; prompt_characters=7994; limit=8000
12212468,CONSTRUCTION,long_resume,prompt_text_limited,clean_characters=8619; prompt_characters=7990; limit=8000
69764348,CONSTRUCTION,long_resume,prompt_text_limited,clean_characters=10719; prompt_characters=7992; limit=8000
45475027,CONSTRUCTION,long_resume,prompt_text_limited,clean_characters=8639; prompt_characters=7987; limit=8000
39908485,CONSTRUCTION,long_resume,prompt_text_limited,clean_characters=29013; prompt_characters=7992; limit=8000
23818675,CONSTRUCTION,long_resume,prompt_text_limited,clean_characters=8342; prompt_characters=7980; limit=8000
12826414,CONSTRUCTION,long_resume,prompt_text_limited,clean_characters=9747; prompt_characters=7993; limit=8000
30397268,CONSTRUCTION,long_resume,prompt_text_limited,clean_characters=10410; prompt_characters=7983; limit=8000
28290448,PUBLIC-RELATIONS,long_resume,prompt_text_limited,clean_characters=8464; prompt_characters=7984; limit=8000
28862054,PUBLIC-RELATIONS,long_resume,prompt_text_limited,clean_characters=8402; prompt_characters=7993; limit=8000
25413261,PUBLIC-RELATIONS,long_resume,prompt_text_limited,clean_characters=11323; prompt_characters=7991; limit=8000
27257013,PUBLIC-RELATIONS,long_resume,prompt_text_limited,clean_characters=9403; prompt_characters=7980; limit=8000
24710433,PUBLIC-RELATIONS,long_resume,prompt_text_limited,clean_characters=10047; prompt_characters=7988; limit=8000
19503224,PUBLIC-RELATIONS,long_resume,prompt_text_limited,clean_characters=8333; prompt_characters=7990; limit=8000
36107065,PUBLIC-RELATIONS,long_resume,prompt_text_limited,clean_characters=10911; prompt_characters=7990; limit=8000
29525715,PUBLIC-RELATIONS,long_resume,prompt_text_limited,clean_characters=8454; prompt_characters=7992; limit=8000
31220062,PUBLIC-RELATIONS,long_resume,prompt_text_limited,clean_characters=10604; prompt_characters=7987; limit=8000
18133495,PUBLIC-RELATIONS,long_resume,prompt_text_limited,clean_characters=9431; prompt_characters=7995; limit=8000
19497420,PUBLIC-RELATIONS,long_resume,prompt_text_limited,clean_characters=9232; prompt_characters=7993; limit=8000
16226743,PUBLIC-RELATIONS,long_resume,prompt_text_limited,clean_characters=9645; prompt_characters=7989; limit=8000
19072267,PUBLIC-RELATIONS,long_resume,prompt_text_limited,clean_characters=19545; prompt_characters=7980; limit=8000
11842274,PUBLIC-RELATIONS,long_resume,prompt_text_limited,clean_characters=35111; prompt_characters=7991; limit=8000
36671891,PUBLIC-RELATIONS,long_resume,prompt_text_limited,clean_characters=9693; prompt_characters=7991; limit=8000
28531493,PUBLIC-RELATIONS,long_resume,prompt_text_limited,clean_characters=8065; prompt_characters=7982; limit=8000
14910300,PUBLIC-RELATIONS,encoding_replacement_character,excluded,replacement_characters=2; source_row=2124
13727873,PUBLIC-RELATIONS,long_resume,prompt_text_limited,clean_characters=9641; prompt_characters=7990; limit=8000
33072201,PUBLIC-RELATIONS,long_resume,prompt_text_limited,clean_characters=14895; prompt_characters=7990; limit=8000
26127853,PUBLIC-RELATIONS,long_resume,prompt_text_limited,clean_characters=8752; prompt_characters=7996; limit=8000
41590605,PUBLIC-RELATIONS,long_resume,prompt_text_limited,clean_characters=9596; prompt_characters=7985; limit=8000
29093426,BANKING,long_resume,prompt_text_limited,clean_characters=8446; prompt_characters=7988; limit=8000
19149865,BANKING,long_resume,prompt_text_limited,clean_characters=8673; prompt_characters=7995; limit=8000
15856762,BANKING,long_resume,prompt_text_limited,clean_characters=9024; prompt_characters=7982; limit=8000
87867370,BANKING,long_resume,prompt_text_limited,clean_characters=9167; prompt_characters=7987; limit=8000
89049979,BANKING,long_resume,prompt_text_limited,clean_characters=8350; prompt_characters=7993; limit=8000
54421668,BANKING,instruction_like_language,retained_after_manual_review,benign employment-language false positive; terms=override
54421668,BANKING,long_resume,prompt_text_limited,clean_characters=11143; prompt_characters=7995; limit=8000
71422121,BANKING,long_resume,prompt_text_limited,clean_characters=9460; prompt_characters=7997; limit=8000
21856577,BANKING,long_resume,prompt_text_limited,clean_characters=8044; prompt_characters=7988; limit=8000
21297521,BANKING,long_resume,prompt_text_limited,clean_characters=15428; prompt_characters=7989; limit=8000
27606527,BANKING,long_resume,prompt_text_limited,clean_characters=9938; prompt_characters=7988; limit=8000
32980197,BANKING,instruction_like_language,retained_after_manual_review,benign employment-language false positive; terms=act as
19176318,BANKING,long_resume,prompt_text_limited,clean_characters=11381; prompt_characters=7991; limit=8000
21796843,BANKING,long_resume,prompt_text_limited,clean_characters=9440; prompt_characters=7992; limit=8000
29406313,BANKING,long_resume,prompt_text_limited,clean_characters=8212; prompt_characters=7990; limit=8000
99124477,BANKING,long_resume,prompt_text_limited,clean_characters=11250; prompt_characters=7985; limit=8000
96493528,BANKING,contact_data,redacted,email_matches=0; phone_matches=1; source_row=2251
39470264,ARTS,contact_data,redacted,email_matches=0; phone_matches=1; source_row=2277
39470264,ARTS,long_resume,prompt_text_limited,clean_characters=8621; prompt_characters=7993; limit=8000
29148871,ARTS,long_resume,prompt_text_limited,clean_characters=9714; prompt_characters=7995; limit=8000
15265464,ARTS,contact_data,redacted,email_matches=1; phone_matches=1; source_row=2285
24349611,ARTS,long_resume,prompt_text_limited,clean_characters=9373; prompt_characters=7996; limit=8000
19508520,ARTS,contact_data,redacted,email_matches=0; phone_matches=1; source_row=2287
18106533,ARTS,long_resume,prompt_text_limited,clean_characters=8731; prompt_characters=7993; limit=8000
19724031,ARTS,long_resume,prompt_text_limited,clean_characters=8034; prompt_characters=7983; limit=8000
28471099,ARTS,long_resume,prompt_text_limited,clean_characters=8186; prompt_characters=7980; limit=8000
37220856,ARTS,contact_data,redacted,email_matches=0; phone_matches=1; source_row=2308
65325317,ARTS,long_resume,prompt_text_limited,clean_characters=11145; prompt_characters=7992; limit=8000
27164756,ARTS,long_resume,prompt_text_limited,clean_characters=10102; prompt_characters=7989; limit=8000
99561379,ARTS,contact_data,redacted,email_matches=0; phone_matches=1; source_row=2327
99561379,ARTS,long_resume,prompt_text_limited,clean_characters=10146; prompt_characters=7989; limit=8000
16244633,ARTS,long_resume,prompt_text_limited,clean_characters=11792; prompt_characters=7981; limit=8000
10830646,ARTS,long_resume,prompt_text_limited,clean_characters=9024; prompt_characters=7997; limit=8000
17694454,ARTS,long_resume,prompt_text_limited,clean_characters=9677; prompt_characters=7987; limit=8000
12334650,ARTS,long_resume,prompt_text_limited,clean_characters=8487; prompt_characters=7991; limit=8000
36019469,ARTS,long_resume,prompt_text_limited,clean_characters=8250; prompt_characters=7995; limit=8000
69458502,AVIATION,contact_data,redacted,email_matches=0; phone_matches=2; source_row=2369
16833515,AVIATION,long_resume,prompt_text_limited,clean_characters=9921; prompt_characters=7991; limit=8000
11804712,AVIATION,long_resume,prompt_text_limited,clean_characters=8413; prompt_characters=7997; limit=8000
29221006,AVIATION,contact_data,redacted,email_matches=0; phone_matches=5; source_row=2375
29221006,AVIATION,long_resume,prompt_text_limited,clean_characters=13661; prompt_characters=7993; limit=8000
24773845,AVIATION,long_resume,prompt_text_limited,clean_characters=8638; prompt_characters=7991; limit=8000
32720816,AVIATION,contact_data,redacted,email_matches=0; phone_matches=3; source_row=2381
17483843,AVIATION,contact_data,redacted,email_matches=0; phone_matches=3; source_row=2386
26819872,AVIATION,long_resume,prompt_text_limited,clean_characters=9259; prompt_characters=7995; limit=8000
13234267,AVIATION,contact_data,redacted,email_matches=0; phone_matches=3; source_row=2391
13234267,AVIATION,long_resume,prompt_text_limited,clean_characters=8700; prompt_characters=7984; limit=8000
81588968,AVIATION,contact_data,redacted,email_matches=0; phone_matches=2; source_row=2394
18268860,AVIATION,contact_data,redacted,email_matches=0; phone_matches=3; source_row=2395
42641525,AVIATION,long_resume,prompt_text_limited,clean_characters=8648; prompt_characters=7997; limit=8000
29167286,AVIATION,contact_data,redacted,email_matches=0; phone_matches=2; source_row=2410
28383893,AVIATION,contact_data,redacted,email_matches=8; phone_matches=0; source_row=2412
28383893,AVIATION,long_resume,prompt_text_limited,clean_characters=13306; prompt_characters=7987; limit=8000
16449694,AVIATION,long_resume,prompt_text_limited,clean_characters=9358; prompt_characters=7996; limit=8000
24668861,AVIATION,long_resume,prompt_text_limited,clean_characters=11172; prompt_characters=7977; limit=8000
42427521,AVIATION,long_resume,prompt_text_limited,clean_characters=9231; prompt_characters=7979; limit=8000
10189110,AVIATION,long_resume,prompt_text_limited,clean_characters=8780; prompt_characters=7979; limit=8000
19284293,AVIATION,long_resume,prompt_text_limited,clean_characters=9061; prompt_characters=7981; limit=8000
15684810,AVIATION,long_resume,prompt_text_limited,clean_characters=9836; prompt_characters=7987; limit=8000
38663892,AVIATION,contact_data,redacted,email_matches=0; phone_matches=1; source_row=2468
33627938,AVIATION,long_resume,prompt_text_limited,clean_characters=9151; prompt_characters=7981; limit=8000
12239749,AVIATION,contact_data,redacted,email_matches=0; phone_matches=1; source_row=2473
25625173,AVIATION,long_resume,prompt_text_limited,clean_characters=13460; prompt_characters=7985; limit=8000
37473139,AVIATION,duplicate_normalized_text,excluded,retained_id=16850314; source_row=2485
